id,submission_time,vote_number,question_id,message,image
0,1553681621.0959997,0,0,aaaa,
1,1553681641.2886424,0,5,fasza,
2,1553681655.1512697,0,5,"hhh
",
3,1553682040.2643263,0,6,aaaaa,
